{
  "personal_name": {
    "precision": 1.0,
    "recall": 1.0,
    "f1-score": 1.0,
    "support": 110
  },
  "country.origin": {
    "precision": 0.9333333333333333,
    "recall": 1.0,
    "f1-score": 0.9655172413793104,
    "support": 14
  },
  "medical_issue": {
    "precision": 0.9897959183673469,
    "recall": 0.9603960396039604,
    "f1-score": 0.9748743718592964,
    "support": 101
  },
  "personal_id": {
    "precision": 0.9705882352941176,
    "recall": 1.0,
    "f1-score": 0.9850746268656716,
    "support": 33
  },
  "country.destination": {
    "precision": 1.0,
    "recall": 0.9375,
    "f1-score": 0.967741935483871,
    "support": 16
  },
  "micro avg": {
    "precision": 0.9889705882352942,
    "recall": 0.9817518248175182,
    "f1-score": 0.9853479853479854,
    "support": 274
  },
  "macro avg": {
    "precision": 0.9787434973989596,
    "recall": 0.9795792079207921,
    "f1-score": 0.9786416351176299,
    "support": 274
  },
  "weighted avg": {
    "precision": 0.9892900225783745,
    "recall": 0.9817518248175182,
    "f1-score": 0.985295206537987,
    "support": 274
  }
}