{
  "personal_id": {
    "precision": 0.9705882352941176,
    "recall": 1.0,
    "f1-score": 0.9850746268656716,
    "support": 33
  },
  "medical_issue": {
    "precision": 1.0,
    "recall": 0.9702970297029703,
    "f1-score": 0.9849246231155778,
    "support": 101
  },
  "personal_name": {
    "precision": 1.0,
    "recall": 1.0,
    "f1-score": 1.0,
    "support": 110
  },
  "micro avg": {
    "precision": 0.9958677685950413,
    "recall": 0.9877049180327869,
    "f1-score": 0.9917695473251029,
    "support": 244
  },
  "macro avg": {
    "precision": 0.9901960784313726,
    "recall": 0.9900990099009901,
    "f1-score": 0.9899997499937498,
    "support": 244
  },
  "weighted avg": {
    "precision": 0.9960221793635488,
    "recall": 0.9877049180327869,
    "f1-score": 0.9917411869722973,
    "support": 244
  }
}